"Name","ModuleName"
"Add-AppendPath","ToolBox"
"append-classpath","ToolBox"
"Approve-MailAddress","ToolBox"
"Check-IPaddress","ToolBox"
"Check-SessionArch","ToolBox"
"Clean-SysInfo","ToolBox"
"Clear-AllEventLogs","ToolBox"
"Clear-OldFiles","ToolBox"
"Clear-TempDir","ToolBox"
"Compress-GZip","ToolBox"
"ConvertFrom-Base64","ToolBox"
"ConvertFrom-binhex","ToolBox"
"ConvertFrom-EscapedString","ToolBox"
"ConvertFrom-UnixDate","ToolBox"
"ConvertFrom-UrlEncoded","ToolBox"
"Convert-IPToBinary","ToolBox"
"Convert-IPtoDecimal","ToolBox"
"ConvertTo-Base64","ToolBox"
"ConvertTo-binhex","ToolBox"
"ConvertTo-EscapeString","ToolBox"
"ConvertTo-HashTable","ToolBox"
"ConvertTo-hex","ToolBox"
"ConvertTo-HumanReadable","ToolBox"
"ConvertTo-Objects","ToolBox"
"ConvertTo-PlainText","ToolBox"
"ConvertTo-StringList","ToolBox"
"ConvertTo-UnixDate","ToolBox"
"ConvertTo-UrlEncoded","ToolBox"
"Create-ZIP","ToolBox"
"Disable-IEESEC","ToolBox"
"Disable-RemoteDesktop","ToolBox"
"Edit-HostsFile","ToolBox"
"Enable-RemoteDesktop","ToolBox"
"Enable-Scritps","ToolBox"
"Enable-WinRM","ToolBox"
"Expand-ArrayObject","ToolBox"
"Expand-CompressedItem","ToolBox"
"Expand-GZip","ToolBox"
"Explore","ToolBox"
"export-session","ToolBox"
"Find-String","ToolBox"
"Get-Accelerators","ToolBox"
"Get-AdminUser","ToolBox"
"Get-ASCBanner","ToolBox"
"Get-BingSearch","ToolBox"
"Get-Calendar","ToolBox"
"Get-Clipboard","ToolBox"
"Get-DecryptSecretText","ToolBox"
"Get-DefaultMessage","ToolBox"
"Get-DiskInfo","ToolBox"
"Get-EncryptSecretText","ToolBox"
"Get-EnvironmentVariables","ToolBox"
"Get-ExternalIP","ToolBox"
"Get-FreeDiskSpace","ToolBox"
"Get-Hash","ToolBox"
"Get-HostFileEntry","ToolBox"
"Get-HttpHead","ToolBox"
"Get-IsGdURL","ToolBox"
"Get-IsSessionElevated","ToolBox"
"Get-IsVirtual","ToolBox"
"Get-LocalListenPort","ToolBox"
"Get-LongURL","ToolBox"
"Get-MaskedJson","ToolBox"
"Get-MicrosoftUpdateInfo","ToolBox"
"Get-MOTD","ToolBox"
"Get-myProcess","ToolBox"
"Get-NetFramework","ToolBox"
"Get-NetStat","ToolBox"
"Get-NewAesKey","ToolBox"
"Get-NewPassword","ToolBox"
"Get-NewPsSession","ToolBox"
"Get-NtpTime","ToolBox"
"Get-Pause","ToolBox"
"Get-PendingReboot","ToolBox"
"Get-PreReqModules","ToolBox"
"Get-PushoverUserDeviceInfo","ToolBox"
"Get-Quote","ToolBox"
"Get-RegKeyLastWriteTime","ToolBox"
"Get-RegularJson","ToolBox"
"Get-RelativePath","ToolBox"
"Get-ScriptDirectory","ToolBox"
"Get-ServiceStatus","ToolBox"
"Get-ServiceStatusInfo","ToolBox"
"get-sessionfile","ToolBox"
"Get-ShortDate","ToolBox"
"Get-ShortTime","ToolBox"
"Get-Syntax","ToolBox"
"Get-SysInfo","ToolBox"
"Get-SysType","ToolBox"
"Get-TcpPortStatus","ToolBox"
"Get-TempFile","ToolBox"
"Get-TimeStamp","ToolBox"
"Get-TinyURL","ToolBox"
"Get-TopProcesses","ToolBox"
"Get-TrImURL","ToolBox"
"Get-Uptime","ToolBox"
"Get-UUID","ToolBox"
"Get-Whois","ToolBox"
"GnuGrep","ToolBox"
"Grant-PathFullPermission","ToolBox"
"head","ToolBox"
"help","ToolBox"
"import-session","ToolBox"
"Initialize-Modules","ToolBox"
"Initialize-ModuleUpdate","ToolBox"
"Invoke-AnimatedSleep","ToolBox"
"Invoke-baloonTip","ToolBox"
"Invoke-CreateMissingRegistryDrives","ToolBox"
"Invoke-GC","ToolBox"
"Invoke-NTFSFilesCompression","ToolBox"
"Invoke-RemoteScript","ToolBox"
"Invoke-VisualEditor","ToolBox"
"JavaLove","ToolBox"
"ll","ToolBox"
"Load-CommandHistory","ToolBox"
"Load-Test","ToolBox"
"man","ToolBox"
"mkdir","ToolBox"
"myls","ToolBox"
"New-Gitignore","ToolBox"
"New-Guid","ToolBox"
"Open-InternetExplorer","ToolBox"
"Out-ColorMatchInfo","ToolBox"
"PoSHModuleLoader","ToolBox"
"rdp","ToolBox"
"Register-Script","ToolBox"
"Reload-Module","ToolBox"
"Remove-FromPath","ToolBox"
"Remove-ItemSafely","ToolBox"
"Repair-DotNetFrameWorks","ToolBox"
"Save-CommandHistory","ToolBox"
"Send-Command","ToolBox"
"Send-HipChat","ToolBox"
"Send-Packet","ToolBox"
"Send-Prowl","ToolBox"
"Send-Pushover","ToolBox"
"Send-SlackChat","ToolBox"
"Set-AcceptProtocolViolation","ToolBox"
"Set-Clipboard","ToolBox"
"Set-Culture","ToolBox"
"Set-CurrentSession","ToolBox"
"Set-DebugOff","ToolBox"
"Set-DebugOn","ToolBox"
"Set-Encoding","ToolBox"
"Set-FileTime","ToolBox"
"Set-FirewallExceptionFileSharing","ToolBox"
"Set-FirewallExceptionRDP","ToolBox"
"Set-FolderDate","ToolBox"
"Set-IgnoreSslTrust","ToolBox"
"Set-NotIgnoreSslTrust","ToolBox"
"Set-PowerPrompt","ToolBox"
"Set-VisualEditor","ToolBox"
"SuDo","ToolBox"
"tail","ToolBox"
"tail2","ToolBox"
"Test-Method","ToolBox"
"Test-ModuleAvailableToLoad","ToolBox"
"Test-ProxyBypass","ToolBox"
"Test-RemotePOSH","ToolBox"
"Test-TCPPort","ToolBox"
"time","ToolBox"
"Update-SysInfo","ToolBox"
"Validate-Xml","ToolBox"
"wc","ToolBox"
"which","ToolBox"
"whoami","ToolBox"
"Write-ToLog","ToolBox"
